Dataset,Total Points,Num Features,First Feature,Mean,Std,Min,Max,CV,Variance,Autocorr(lag=1),SFM,"SNR (dB, top10% freqs)",Noise Power Ratio,Freq Kept (%),Recon RMSE,Recon RMSE (% of std),Recon Correlation,Recon MAE,Dominant Freq,Dominant Amp
ETTh1,14400,7,feat_0,7.683428,6.553811,-19.625000,23.643999,0.852980,42.952431,0.915499,0.536820,11.326859,0.068619,10.012498,1.716780,26.195148,0.965081,1.269399,0.041667,36807.460938
ETTh2,14400,7,feat_0,39.096085,9.949676,0.000000,107.892998,0.254493,98.996040,0.945272,0.486798,12.604880,0.052036,10.012498,2.269660,22.811399,0.973634,1.674810,0.000069,41332.324219
ETTm1,57600,7,feat_0,7.717479,6.574109,-21.568001,24.180000,0.851847,43.218906,0.976309,0.510917,16.239601,0.023219,10.003125,1.001741,15.237671,0.988322,0.664094,0.010417,147958.703125
ETTm2,57600,7,feat_0,39.125641,9.968081,0.000000,107.892998,0.254771,99.362648,0.978985,0.481005,16.031843,0.024329,10.003125,1.554788,15.597669,0.987761,1.174989,0.000017,165803.906250
Electricity,26304,321,feat_0,23.263762,24.126703,0.000000,140.000000,1.037094,582.097839,0.866118,0.677244,8.499080,0.123794,10.005322,8.488818,35.184326,0.936059,5.650813,0.000076,169744.531250
Weather,52696,21,feat_0,989.989197,9.207063,955.580017,1020.070007,0.009300,84.770004,0.999941,0.014504,35.964874,0.000253,10.000380,0.146496,1.591121,0.999873,0.070051,0.000095,111789.210938
Illness,966,7,feat_0,1.851286,1.342346,0.351881,7.715100,0.725089,1.801894,0.965339,0.302310,10.471116,0.082333,10.123967,0.385169,28.693712,0.957949,0.270184,0.018634,418.623749
ExchangeRate,7588,8,0,0.776974,0.136611,0.483297,1.102536,0.175825,0.018663,0.999020,0.138760,28.699408,0.001347,10.013175,0.005014,3.670598,0.999326,0.003550,0.000132,589.229359
ECG,65000,12,lead_0,0.000009,0.999997,-14.020287,7.994406,112850.226985,0.999993,0.254140,0.578224,0.442918,0.474526,10.002769,0.688856,68.885822,0.724896,0.488746,0.034585,2571.210414
