Dataset,Has_DropoutTS,sparsity_weight,init_sensitivity,MSE,replicate
SyntheticTS_noise0.1,Yes,0.0,1.0,0.445,1
SyntheticTS_noise0.1,Yes,0.0,1.0,0.703,2
SyntheticTS_noise0.1,Yes,0.0,1.0,0.765,3
SyntheticTS_noise0.1,Yes,0.0,1.0,0.816,4
SyntheticTS_noise0.1,Yes,0.0,5.0,0.436,1
SyntheticTS_noise0.1,Yes,0.0,5.0,0.736,2
SyntheticTS_noise0.1,Yes,0.0,5.0,0.800,3
SyntheticTS_noise0.1,Yes,0.0,5.0,1.159,4
SyntheticTS_noise0.1,Yes,0.0,10.0,0.703,1
SyntheticTS_noise0.1,Yes,0.0,10.0,1.309,2
SyntheticTS_noise0.1,Yes,0.0,10.0,1.545,3
SyntheticTS_noise0.3,Yes,0.0,1.0,0.456,1
SyntheticTS_noise0.3,Yes,0.0,1.0,0.693,2
SyntheticTS_noise0.3,Yes,0.0,1.0,0.718,3
SyntheticTS_noise0.3,Yes,0.0,1.0,0.747,4
SyntheticTS_noise0.3,Yes,0.0,5.0,0.436,1
SyntheticTS_noise0.3,Yes,0.0,5.0,0.857,2
SyntheticTS_noise0.3,Yes,0.0,5.0,1.589,3
SyntheticTS_noise0.3,Yes,0.0,10.0,0.694,1
SyntheticTS_noise0.3,Yes,0.0,10.0,1.068,2
SyntheticTS_noise0.3,Yes,0.0,10.0,1.586,3
SyntheticTS_noise0.5,Yes,0.0,1.0,0.663,1
SyntheticTS_noise0.5,Yes,0.0,1.0,0.670,2
SyntheticTS_noise0.5,Yes,0.0,1.0,0.728,3
SyntheticTS_noise0.5,Yes,0.0,1.0,0.855,4
SyntheticTS_noise0.5,Yes,0.0,5.0,0.731,1
SyntheticTS_noise0.5,Yes,0.0,5.0,1.356,2
SyntheticTS_noise0.5,Yes,0.0,5.0,1.484,3
SyntheticTS_noise0.5,Yes,0.0,10.0,0.672,1
SyntheticTS_noise0.5,Yes,0.0,10.0,1.102,2
SyntheticTS_noise0.5,Yes,0.0,10.0,1.471,3
SyntheticTS_noise0.7,Yes,0.0,1.0,0.638,1
SyntheticTS_noise0.7,Yes,0.0,1.0,0.687,2
SyntheticTS_noise0.7,Yes,0.0,1.0,0.690,3
SyntheticTS_noise0.7,Yes,0.0,5.0,1.401,1
SyntheticTS_noise0.7,Yes,0.0,10.0,0.624,1
SyntheticTS_noise0.9,Yes,0.0,1.0,0.619,1
SyntheticTS_noise0.9,Yes,0.0,1.0,1.032,2
SyntheticTS_noise0.9,Yes,0.0,5.0,1.316,1
SyntheticTS_noise0.9,Yes,0.0,10.0,0.860,1
